{
    "alt-speed-down": 0, 
    "alt-speed-enabled": false, 
    "alt-speed-time-begin": 540, 
    "alt-speed-time-day": 127, 
    "alt-speed-time-enabled": false, 
    "alt-speed-time-end": 1020, 
    "alt-speed-up": 0, 
    "bind-address-ipv4": "0.0.0.0", 
    "bind-address-ipv6": "::", 
    "blocklist-enabled": true, 
    "blocklist-url": "http://list.iblocklist.com/?list=bt_level1&fileformat=p2p&archiveformat=gz", 
    "cache-size-mb": 4, 
    "dht-enabled": true, 
    "download-dir": "/volume2/transmission/download", 
    "download-queue-enabled": true, 
    "download-queue-size": 10, 
    "encryption": 1, 
    "idle-seeding-limit": 240, 
    "idle-seeding-limit-enabled": true, 
    "incomplete-dir": "/var/services/homes/transmission/Downloads", 
    "incomplete-dir-enabled": false, 
    "lpd-enabled": true, 
    "message-level": 2, 
    "peer-congestion-algorithm": "", 
    "peer-id-ttl-hours": 6, 
    "peer-limit-global": 1480, 
    "peer-limit-per-torrent": 60, 
    "peer-port": 57331, 
    "peer-port-random-high": 65535, 
    "peer-port-random-low": 49152, 
    "peer-port-random-on-start": false, 
    "peer-socket-tos": "default", 
    "pex-enabled": true, 
    "pidfile": "/usr/local/transmission/var/transmission.pid", 
    "port-forwarding-enabled": true, 
    "preallocation": 1, 
    "prefetch-enabled": 1, 
    "queue-stalled-enabled": true, 
    "queue-stalled-minutes": 60, 
    "ratio-limit": 3, 
    "ratio-limit-enabled": true, 
    "rename-partial-files": true, 
    "rpc-authentication-required": false, 
    "rpc-bind-address": "0.0.0.0", 
    "rpc-enabled": true, 
    "rpc-password": "{f663a0b546ca412721267e4be00eca9526dffe07qealuucg", 
    "rpc-port": 9091, 
    "rpc-url": "/transmission/", 
    "rpc-username": "", 
    "rpc-whitelist": "*.*.*.*", 
    "rpc-whitelist-enabled": false, 
    "scrape-paused-torrents-enabled": true, 
    "script-torrent-done-enabled": true, 
    "script-torrent-done-filename": "/volume1/my_scripts/FileDone_Transmission.sh", 
    "seed-queue-enabled": false, 
    "seed-queue-size": 10, 
    "speed-limit-down": 100, 
    "speed-limit-down-enabled": false, 
    "speed-limit-up": 100, 
    "speed-limit-up-enabled": false, 
    "start-added-torrents": true, 
    "trash-original-torrent-files": false, 
    "umask": 2, 
    "upload-slots-per-torrent": 14, 
    "utp-enabled": true, 
    "watch-dir": "/volume2/transmission/!watchfolder", 
    "watch-dir-enabled": true
}
